Gstep, ,WDL,WDL,DLRM,DLRM,Deep FM,Deep FM,DSSM,DSSM,DIEN,DIEN,DIN,DIN
Gstep, ,value,percent,value,percent,value,percent,value,percent,value,percent,value,percent
Commuty TF, ,170.60286453576867,baseline,503.9469573863633,baseline,195.4114639321076,baseline,126.47344444444444,baseline,-,baseline,-,baseline
DeepRec FP32, ,176.613565349544,103.52%,546.6809846625769,108.48%,321.5525330261135,164.55%,196.2317551020408,155.16%,-,-,-,-
DeepRec BF16, ,207.96250363901018,121.90%,568.1095312977099,112.73%,347.0298482003129,177.59%,216.36215094339624,171.07%,-,-,-,-
