Gstep, ,WDL,WDL,DLRM,DLRM,Deep FM,Deep FM,DSSM,DSSM
Gstep, ,value,percent,value,percent,value,percent,value,percent
Commuty TF, ,205.9567266881028,baseline,601.0049449035818,baseline,211.98826788685514,baseline,150.47035714285707,baseline
DeepRec FP32, ,202.29967038216554,98.22%,649.6409696531796,108.09%,201.18995827338142,94.91%,159.73618421052632,106.16%
DeepRec BF16, ,180.98866821345712,87.88%,564.5225738007383,93.93%,198.30148489425974,93.54%,157.25387234042552,104.51%
