Gstep, ,WDL,WDL,DLRM,DLRM,Deep FM,Deep FM,DSSM,DSSM
Gstep, ,value,percent,value,percent,value,percent,value,percent
Commuty TF, ,216.16757909604524,baseline,620.5662500000001,baseline,191.3278575498575,baseline,135.42176785714284,baseline
DeepRec FP32, ,191.7565243004419,88.71%,637.2094211994423,102.68%,230.15522889842637,120.29%,132.03660377358486,97.50%
DeepRec BF16, ,210.0105268505082,97.15%,510.08060363636406,82.20%,197.84058547008553,103.40%,204.15044897959186,150.75%
