ACC,DLRM,DLRM_percent,WDL,WDL_percent,DSSM,DSSM_percent,DIEN,DIEN_percent,DIN,DIN_percent,ESMM,ESMM_percent,DBMTL,DBMTL_percent,MMoE,MMoE_percent,SimpleMultiTask,SimpleMultiTask_percent
Community TF,0.7828555107116699,baseline,0.7702414989471436,baseline,0.9158999919891357,baseline,0.6826491355895996,baseline,0.6817252039909363,baseline,0.9995999932289124,baseline,0.9731500148773193,baseline,0.9731500148773193,baseline,0.9731500148773193,baseline
DeepRec FP32,0.7827025055885315,99.9804555092166,0.7739884853363037,100.48646903526776,0.8962000012397766,97.8491111560581,0.6951557397842407,101.83206914688894,0.694462776184082,101.86843204836462,0.9995999932289124,100.0,0.9731500148773193,100.0,0.9731500148773193,100.0,0.9731500148773193,100.0
DeepRec BF16,0.7840120196342468,99.9804555092166,0.7701675295829773,100.48646903526776,0.9199000000953674,97.8491111560581,0.695592999458313,101.83206914688894,0.6952877640724182,101.86843204836462,0.9995999932289124,100.0,0.9731500148773193,100.0,0.9731500148773193,100.0,0.9731500148773193,100.0
