AUC,DLRM,DLRM_percent,WDL,WDL_percent,DSSM,DSSM_percent,DIEN,DIEN_percent,DIN,DIN_percent,ESMM,ESMM_percent,DBMTL,DBMTL_percent,MMoE,MMoE_percent,SimpleMultiTask,SimpleMultiTask_percent
Community TF,0.7794239521026611,baseline,0.749870777130127,baseline,0.5056707859039307,baseline,0.7573279738426208,baseline,0.7574388980865479,baseline,0.5000001192092896,baseline,0.7530704736709595,baseline,0.7530704736709595,baseline,0.5,baseline
DeepRec FP32,0.7798894643783569,100.05972516939465,0.7666425704956055,102.23662447944255,0.4885416626930237,96.61259386771036,0.7721754312515259,101.9605056094218,0.7698633670806885,101.64032623958545,0.5000001192092896,100.0,0.7530704736709595,100.0,0.7530704736709595,100.0,0.5,100.0
DeepRec BF16,0.7830607891082764,100.05972516939465,0.7503147125244141,102.23662447944255,0.4924497902393341,96.61259386771036,0.7711808085441589,101.9605056094218,0.7711356282234192,101.64032623958545,0.5000001192092896,100.0,0.7530704736709595,100.0,0.7530704736709595,100.0,0.5,100.0
