Gstep, ,WDL,WDL,DLRM,DLRM,Deep FM,Deep FM,DSSM,DSSM
Gstep, ,value,percent,value,percent,value,percent,value,percent
Commuty TF, ,244.35033139534877,baseline,651.3734134078212,baseline,199.3139195402299,baseline,130.03026415094337,baseline
DeepRec FP32, ,234.31024293785308,95.89%,711.6240062111802,109.25%,190.23303488372102,95.44%,141.200725,108.59%
DeepRec BF16, ,182.99269942196523,74.89%,666.2619428571428,102.29%,193.52312994350282,97.09%,134.8648,103.72%
