Gstep, ,WDL,WDL,DLRM,DLRM,Deep FM,Deep FM,DSSM,DSSM,DIEN,DIEN,DIN,DIN
Gstep, ,value,percent,value,percent,value,percent,value,percent,value,percent,value,percent
Commuty TF, ,171.55682521489973,baseline,504.98827864214957,baseline,197.9012039660057,baseline,127.2305833333333,baseline,107.71522807017543,baseline,170.89487931034483,baseline
DeepRec FP32, ,176.44963294797685,102.85%,540.7737701149423,107.09%,321.3424885057476,162.38%,199.28753846153847,156.63%,130.14685321100916,120.82%,655.3668348623853,383.49%
DeepRec BF16, ,206.91724961240317,120.61%,564.855399713467,111.86%,345.88247574334946,174.78%,216.78534615384612,170.39%,134.0222522522522,124.42%,622.7332352941179,364.40%
