ACC, ,WDL,WDL,DLRM,DLRM,Deep FM,Deep FM,DSSM,DSSM,DIEN,DIEN,DIN,DIN
ACC, ,value,percent,value,percent,value,percent,value,percent,value,percent,value,percent
Commuty TF, ,0.779203474521637,baseline,0.780723512172699,baseline,0.7635899782180786,baseline,0.9124000072479248,baseline,0.6837051510810852,baseline,0.6792832612991333,baseline
DeepRec FP32, ,0.7792670130729675,100.01%,0.778608500957489,99.73%,0.7764245271682739,101.68%,0.9319000244140625,102.14%,0.6875165104866028,100.56%,0.688918948173523,101.42%
DeepRec BF16, ,0.779259979724884,100.01%,0.7793874740600586,99.83%,0.7782530188560486,101.92%,0.9334999918937683,102.31%,0.6843320727348328,100.09%,0.6856520771980286,100.94%
