AUC, ,WDL,WDL,DLRM,DLRM,Deep FM,Deep FM,DSSM,DSSM,DIN,DIN,DIEN,DIEN
AUC, ,value,percent,value,percent,value,percent,value,percent,value,percent,value,percent
Commuty TF, ,0.7751824259757996,baseline,0.7748285531997681,baseline,0.7436737418174744,baseline,0.5031068325042725,baseline,0.7490089535713196,baseline,0.7437077760696411,baseline
DeepRec FP32, ,0.7752828598022461,100.01%,0.766891598701477,98.98%,0.7680785059928894,103.28%,0.5021907091140747,99.82%,0.7501817941665649,100.16%,0.7506447434425354,100.93%
DeepRec BF16, ,0.7759072780609131,100.09%,0.7701359987258911,99.39%,0.7716284990310669,103.76%,0.49125009775161743,97.64%,0.7446932792663574,99.42%,0.7495138049125671,100.78%
